USUARIOS,INTERACCIONES,POST
Adis Gonzalez Sanchez,2,¡#FelizAñoNuevo para todos! 
Adrian Yero,1,¡#FelizAñoNuevo para todos! 
Alejandro Terry Fernández,2,¡#FelizAñoNuevo para todos! 
Amanda Lugo Marquez,1,¡#FelizAñoNuevo para todos! 
Ana Laura Echevarria,2,¡#FelizAñoNuevo para todos! 
Anaylet Rguez,1,¡#FelizAñoNuevo para todos! 
Armando Felipe Fuentes Denis,1,¡#FelizAñoNuevo para todos! 
Carlos Villanueva,1,¡#FelizAñoNuevo para todos! 
Claudia Fernández Miguel,2,¡#FelizAñoNuevo para todos! 
Damian Vidal,2,¡#FelizAñoNuevo para todos! 
David Martinez,1,¡#FelizAñoNuevo para todos! 
Dayron Avello,2,¡#FelizAñoNuevo para todos! 
Dianely Espinosa González,3,¡#FelizAñoNuevo para todos! 
Donde Dorian,1,¡#FelizAñoNuevo para todos! 
Edel Rguez,1,¡#FelizAñoNuevo para todos! 
Eduardo Pérez Pons,1,¡#FelizAñoNuevo para todos! 
Estrada & Asociados S.R.L,1,¡#FelizAñoNuevo para todos! 
Eylen Juanola,1,¡#FelizAñoNuevo para todos! 
Fer Coopat,1,¡#FelizAñoNuevo para todos! 
Francisco Terry Diaz Francisco,1,¡#FelizAñoNuevo para todos! 
Guadalupe Ceballos,1,¡#FelizAñoNuevo para todos! 
Guajiritos SRL,2,¡#FelizAñoNuevo para todos! 
Hector Hung Martinez,1,¡#FelizAñoNuevo para todos! 
Indio del Guaso,1,¡#FelizAñoNuevo para todos! 
Juan Carlos Oramas Bastart,1,¡#FelizAñoNuevo para todos! 
Karelia Brizuela Sánchez,2,¡#FelizAñoNuevo para todos! 
Kevin Blanco Fernández,1,¡#FelizAñoNuevo para todos! 
Kubatrip Urlaub,1,¡#FelizAñoNuevo para todos! 
Leandro Ramirez Cubilla,1,¡#FelizAñoNuevo para todos! 
Lisi Martines,1,¡#FelizAñoNuevo para todos! 
Marina Marlin Internacional Santiago de Cuba,1,¡#FelizAñoNuevo para todos! 
Marina Marlin Internacional...,1,¡#FelizAñoNuevo para todos! 
Marinas Marlin,2,¡#FelizAñoNuevo para todos! 
Marlan Castro Reyna,1,¡#FelizAñoNuevo para todos! 
MCV Comercial S.A.,1,¡#FelizAñoNuevo para todos! 
Michel Yi,1,¡#FelizAñoNuevo para todos! 
Miguel Jorge Menendez Alonso,2,¡#FelizAñoNuevo para todos! 
Neylis Cepero Valero,1,¡#FelizAñoNuevo para todos! 
Olivia Herrera Díaz,1,¡#FelizAñoNuevo para todos! 
Osvaldo Pupo Gutiérrez,2,¡#FelizAñoNuevo para todos! 
Rusy Casanova,1,¡#FelizAñoNuevo para todos! 
Wendy Pérez,1,¡#FelizAñoNuevo para todos! 
Yakelin Leyva Silva,1,¡#FelizAñoNuevo para todos! 
Yanira Salazar Vigueras,1,¡#FelizAñoNuevo para todos! 
Yanislei León,2,¡#FelizAñoNuevo para todos! 
Yule Massiá,2,¡#FelizAñoNuevo para todos! 
Adis Gonzalez Sanchez,1,¿Conoces las #tecnologías que empleamos
Albert Gonzalez,1,¿Conoces las #tecnologías que empleamos
Alex Brito,1,¿Conoces las #tecnologías que empleamos
Alina Santana Echerri,1,¿Conoces las #tecnologías que empleamos
Amanda Lugo Marquez,1,¿Conoces las #tecnologías que empleamos
Ana Laura Echevarria,2,¿Conoces las #tecnologías que empleamos
Carlos Villanueva,1,¿Conoces las #tecnologías que empleamos
Christian Quintana,1,¿Conoces las #tecnologías que empleamos
Claudia Fernández Miguel,2,¿Conoces las #tecnologías que empleamos
Damian Vidal,2,¿Conoces las #tecnologías que empleamos
Dayron Avello,2,¿Conoces las #tecnologías que empleamos
Dennis Beltrán Romero,1,¿Conoces las #tecnologías que empleamos
Dianely Espinosa González,3,¿Conoces las #tecnologías que empleamos
Edel Rguez,1,¿Conoces las #tecnologías que empleamos
Eduardo Bermudez,2,¿Conoces las #tecnologías que empleamos
Estrada & Asociados S.R.L,1,¿Conoces las #tecnologías que empleamos
Evelyn Guilarte Arencibia,2,¿Conoces las #tecnologías que empleamos
Fer Coopat,1,¿Conoces las #tecnologías que empleamos
Gladys Nuñez,1,¿Conoces las #tecnologías que empleamos
Guajiritos SRL,2,¿Conoces las #tecnologías que empleamos
Hostal de Guanabo,2,¿Conoces las #tecnologías que empleamos
Indio del Guaso,1,¿Conoces las #tecnologías que empleamos
Jessica Sequerella,2,¿Conoces las #tecnologías que empleamos
Juan Carlos Oramas Bastart,1,¿Conoces las #tecnologías que empleamos
Laura Susej Milian,2,¿Conoces las #tecnologías que empleamos
Leandro Ramirez Cubilla,2,¿Conoces las #tecnologías que empleamos
Leonardo Yoel,2,¿Conoces las #tecnologías que empleamos
Michel Yi,1,¿Conoces las #tecnologías que empleamos
Miguel Angel Menendez Salcinez,1,¿Conoces las #tecnologías que empleamos
Miguel Jorge Menendez Alonso,2,¿Conoces las #tecnologías que empleamos
Osvaldo Pupo Gutiérrez,1,¿Conoces las #tecnologías que empleamos
Rêina Balbin Yesy,1,¿Conoces las #tecnologías que empleamos
Viazul CUBA,1,¿Conoces las #tecnologías que empleamos
Yarina Amoroso,1,¿Conoces las #tecnologías que empleamos
Yule Massiá,1,¿Conoces las #tecnologías que empleamos
Yulieta Hernández Díaz,1,¿Conoces las #tecnologías que empleamos
Adis Gonzalez Sanchez,1,¿Conoces las últimas #tendencias en #diseñoweb?
Amanda Amat,3,¿Conoces las últimas #tendencias en #diseñoweb?
Amanda Lugo Marquez,1,¿Conoces las últimas #tendencias en #diseñoweb?
Arlette García Rosales,1,¿Conoces las últimas #tendencias en #diseñoweb?
Boris Leon Contreras,1,¿Conoces las últimas #tendencias en #diseñoweb?
Carlos Villanueva,1,¿Conoces las últimas #tendencias en #diseñoweb?
Claudia Fernández Miguel,2,¿Conoces las últimas #tendencias en #diseñoweb?
Damian Vidal,1,¿Conoces las últimas #tendencias en #diseñoweb?
Daryl Cardenas Rodriguez,1,¿Conoces las últimas #tendencias en #diseñoweb?
Dayron Avello,2,¿Conoces las últimas #tendencias en #diseñoweb?
Dianely Espinosa González,2,¿Conoces las últimas #tendencias en #diseñoweb?
Eddy Ramirez Piña,1,¿Conoces las últimas #tendencias en #diseñoweb?
Edel Rguez,1,¿Conoces las últimas #tendencias en #diseñoweb?
Eduardo Bermudez,2,¿Conoces las últimas #tendencias en #diseñoweb?
Fer Coopat,1,¿Conoces las últimas #tendencias en #diseñoweb?
Guajiritos SRL,3,¿Conoces las últimas #tendencias en #diseñoweb?
Indio del Guaso,1,¿Conoces las últimas #tendencias en #diseñoweb?
Jessica Sequerella,2,¿Conoces las últimas #tendencias en #diseñoweb?
Juan Carlos Oramas Bastart,1,¿Conoces las últimas #tendencias en #diseñoweb?
Leandro Ramirez Cubilla,1,¿Conoces las últimas #tendencias en #diseñoweb?
MCV Comercial S.A.,1,¿Conoces las últimas #tendencias en #diseñoweb?
Miguel Benitez,2,¿Conoces las últimas #tendencias en #diseñoweb?
Miguel Jorge Menendez Alonso,2,¿Conoces las últimas #tendencias en #diseñoweb?
Reinaldo Aleman Mondeja,1,¿Conoces las últimas #tendencias en #diseñoweb?
Viazul CUBA,1,¿Conoces las últimas #tendencias en #diseñoweb?
Yanislei León,1,¿Conoces las últimas #tendencias en #diseñoweb?
Adis Gonzalez Sanchez,2,¿Conoces nuestro portafolio de #productos?
Alina Santana Echerri,1,¿Conoces nuestro portafolio de #productos?
allprint diseño,1,¿Conoces nuestro portafolio de #productos?
Amanda Lugo Marquez,1,¿Conoces nuestro portafolio de #productos?
Anaylet Rguez,1,¿Conoces nuestro portafolio de #productos?
Damian Vidal,2,¿Conoces nuestro portafolio de #productos?
Darío Alejandro Escobar,1,¿Conoces nuestro portafolio de #productos?
Daryl Cardenas Rodriguez,1,¿Conoces nuestro portafolio de #productos?
Dayron Avello,2,¿Conoces nuestro portafolio de #productos?
Dennis Beltrán Romero,1,¿Conoces nuestro portafolio de #productos?
Dianely Espinosa González,3,¿Conoces nuestro portafolio de #productos?
Edda Diz Garcés,1,¿Conoces nuestro portafolio de #productos?
Edel Rguez,1,¿Conoces nuestro portafolio de #productos?
Fer Coopat,1,¿Conoces nuestro portafolio de #productos?
Juan Carlos Oramas Bastart,1,¿Conoces nuestro portafolio de #productos?
Lisi Martines,1,¿Conoces nuestro portafolio de #productos?
Michel Yi,1,¿Conoces nuestro portafolio de #productos?
Miguel Jorge Menendez Alonso,2,¿Conoces nuestro portafolio de #productos?
Olga María Herrera Scull,1,¿Conoces nuestro portafolio de #productos?
Pymesbulevar,1,¿Conoces nuestro portafolio de #productos?
Viazul CUBA,1,¿Conoces nuestro portafolio de #productos?
Yule Massiá,2,¿Conoces nuestro portafolio de #productos?
Alina Santana Echerri,1,¿Del 1 al 10 cuánto ama un #programador la web #StackOverflow?
Carlos Villanueva,2,¿Del 1 al 10 cuánto ama un #programador la web #StackOverflow?
David Ernesto Hernández Tamayo,1,¿Del 1 al 10 cuánto ama un #programador la web #StackOverflow?
Dayron Avello,2,¿Del 1 al 10 cuánto ama un #programador la web #StackOverflow?
Dennis Beltrán Romero,2,¿Del 1 al 10 cuánto ama un #programador la web #StackOverflow?
Eduardo Bermudez,2,¿Del 1 al 10 cuánto ama un #programador la web #StackOverflow?
Fer Coopat,1,¿Del 1 al 10 cuánto ama un #programador la web #StackOverflow?
Guajiritos SRL,1,¿Del 1 al 10 cuánto ama un #programador la web #StackOverflow?
Indio del Guaso,1,¿Del 1 al 10 cuánto ama un #programador la web #StackOverflow?
Lisi Martines,1,¿Del 1 al 10 cuánto ama un #programador la web #StackOverflow?
Marinas Marlin,2,¿Del 1 al 10 cuánto ama un #programador la web #StackOverflow?
Miguel Jorge Menendez Alonso,2,¿Del 1 al 10 cuánto ama un #programador la web #StackOverflow?
Roxana Naranjo Pérez,1,¿Del 1 al 10 cuánto ama un #programador la web #StackOverflow?
William Borrego,1,¿Del 1 al 10 cuánto ama un #programador la web #StackOverflow?
Ana Laura Echevarria,1,¿Estás listo para encargar tu #proyecto? 
Armando Felipe Fuentes Denis,1,¿Estás listo para encargar tu #proyecto? 
Damian Vidal,2,¿Estás listo para encargar tu #proyecto? 
Darío Alejandro Escobar,1,¿Estás listo para encargar tu #proyecto? 
Daryl Cardenas Rodriguez,1,¿Estás listo para encargar tu #proyecto? 
Dennis Beltrán Romero,1,¿Estás listo para encargar tu #proyecto? 
Fer Coopat,1,¿Estás listo para encargar tu #proyecto? 
Guajiritos SRL,1,¿Estás listo para encargar tu #proyecto? 
Judith Padron,1,¿Estás listo para encargar tu #proyecto? 
Leonardo Jiménez,1,¿Estás listo para encargar tu #proyecto? 
MCV Comercial S.A.,1,¿Estás listo para encargar tu #proyecto? 
Miguel Jorge Menendez Alonso,2,¿Estás listo para encargar tu #proyecto? 
Nosoy Dani Cabrera Lima,1,¿Estás listo para encargar tu #proyecto? 
Viazul CUBA,1,¿Estás listo para encargar tu #proyecto? 
Yule Massiá,2,¿Estás listo para encargar tu #proyecto? 
Adis Gonzalez Sanchez,1,¿Por qué escoger nuestro #GDSTransporte?
Alejandro Terry Fernández,2,¿Por qué escoger nuestro #GDSTransporte?
Amanda Lugo Marquez,1,¿Por qué escoger nuestro #GDSTransporte?
Armando Felipe Fuentes Denis,1,¿Por qué escoger nuestro #GDSTransporte?
Carlos Villanueva,1,¿Por qué escoger nuestro #GDSTransporte?
Dairis FDíaz,1,¿Por qué escoger nuestro #GDSTransporte?
Damian Vidal,2,¿Por qué escoger nuestro #GDSTransporte?
Darío Alejandro Escobar,1,¿Por qué escoger nuestro #GDSTransporte?
Daryl Cardenas Rodriguez,1,¿Por qué escoger nuestro #GDSTransporte?
David Martinez,1,¿Por qué escoger nuestro #GDSTransporte?
Deyler Danger,1,¿Por qué escoger nuestro #GDSTransporte?
Dianely Espinosa González,1,¿Por qué escoger nuestro #GDSTransporte?
Fer Coopat,1,¿Por qué escoger nuestro #GDSTransporte?
Francisco Terry Diaz Francisco,2,¿Por qué escoger nuestro #GDSTransporte?
Gladys Nuñez,1,¿Por qué escoger nuestro #GDSTransporte?
Havanatur SA,1,¿Por qué escoger nuestro #GDSTransporte?
Indio del Guaso,1,¿Por qué escoger nuestro #GDSTransporte?
Jaider Luis Arjona Oliva,1,¿Por qué escoger nuestro #GDSTransporte?
Karelia Brizuela Sánchez,1,¿Por qué escoger nuestro #GDSTransporte?
Leandro Acosta,1,¿Por qué escoger nuestro #GDSTransporte?
Leandro Ramirez Cubilla,2,¿Por qué escoger nuestro #GDSTransporte?
Leonardo Yoel,1,¿Por qué escoger nuestro #GDSTransporte?
Marinas Marlin,2,¿Por qué escoger nuestro #GDSTransporte?
Michel Yi,1,¿Por qué escoger nuestro #GDSTransporte?
Miguel Jorge Menendez Alonso,2,¿Por qué escoger nuestro #GDSTransporte?
Yanislei León,1,¿Por qué escoger nuestro #GDSTransporte?
Adis G Sánchez,1,¿Qué es #NodeJS y cuáles son sus principales #ventajas?
Adis Gonzalez Sanchez,2,¿Qué es #NodeJS y cuáles son sus principales #ventajas?
Anaili Egozcue,1,¿Qué es #NodeJS y cuáles son sus principales #ventajas?
Carlos Villanueva,2,¿Qué es #NodeJS y cuáles son sus principales #ventajas?
Christian Quintana,1,¿Qué es #NodeJS y cuáles son sus principales #ventajas?
Claudia Fernández Miguel,3,¿Qué es #NodeJS y cuáles son sus principales #ventajas?
Damian Vidal,1,¿Qué es #NodeJS y cuáles son sus principales #ventajas?
Daniel Angel Barrios Hernández,1,¿Qué es #NodeJS y cuáles son sus principales #ventajas?
Darío Alejandro Escobar,1,¿Qué es #NodeJS y cuáles son sus principales #ventajas?
Daryl Cardenas Rodriguez,1,¿Qué es #NodeJS y cuáles son sus principales #ventajas?
Dayron Avello,1,¿Qué es #NodeJS y cuáles son sus principales #ventajas?
Dennis Beltrán Romero,1,¿Qué es #NodeJS y cuáles son sus principales #ventajas?
Fer Coopat,1,¿Qué es #NodeJS y cuáles son sus principales #ventajas?
Gaviota - Grupo de Turismo,1,¿Qué es #NodeJS y cuáles son sus principales #ventajas?
Guajiritos SRL,2,¿Qué es #NodeJS y cuáles son sus principales #ventajas?
Indio del Guaso,1,¿Qué es #NodeJS y cuáles son sus principales #ventajas?
Jaider Luis Arjona Oliva,2,¿Qué es #NodeJS y cuáles son sus principales #ventajas?
Leandro Acosta,1,¿Qué es #NodeJS y cuáles son sus principales #ventajas?
Leandro Ramirez Cubilla,2,¿Qué es #NodeJS y cuáles son sus principales #ventajas?
Leonardo Jiménez,1,¿Qué es #NodeJS y cuáles son sus principales #ventajas?
Marinas Marlin,2,¿Qué es #NodeJS y cuáles son sus principales #ventajas?
Michel Yi,1,¿Qué es #NodeJS y cuáles son sus principales #ventajas?
Miguel Jorge Menendez Alonso,2,¿Qué es #NodeJS y cuáles son sus principales #ventajas?
Osvaldo Pupo Gutiérrez,1,¿Qué es #NodeJS y cuáles son sus principales #ventajas?
Rêina Balbin Yesy,1,¿Qué es #NodeJS y cuáles son sus principales #ventajas?
Rolando García Cutié,1,¿Qué es #NodeJS y cuáles son sus principales #ventajas?
Yamilka De Los Reyes Prawl,1,¿Qué es #NodeJS y cuáles son sus principales #ventajas?
Yanira Salazar Vigueras,1,¿Qué es #NodeJS y cuáles son sus principales #ventajas?
Yanislei León,1,¿Qué es #NodeJS y cuáles son sus principales #ventajas?
Yannier Martínez Charles,1,¿Qué es #NodeJS y cuáles son sus principales #ventajas?
Yarina Amoroso,1,¿Qué es #NodeJS y cuáles son sus principales #ventajas?
Alina Santana Echerri,1,¿Sabes cuál es el #top10 de los lenguajes de #programación
Amanda Lugo Marquez,1,¿Sabes cuál es el #top10 de los lenguajes de #programación
Ana Laura Echevarria,1,¿Sabes cuál es el #top10 de los lenguajes de #programación
Carlos Villanueva,2,¿Sabes cuál es el #top10 de los lenguajes de #programación
Damian Vidal,2,¿Sabes cuál es el #top10 de los lenguajes de #programación
Darío Alejandro Escobar,1,¿Sabes cuál es el #top10 de los lenguajes de #programación
Dayron Avello,2,¿Sabes cuál es el #top10 de los lenguajes de #programación
Dennis Beltrán Romero,1,¿Sabes cuál es el #top10 de los lenguajes de #programación
Guajiritos SRL,1,¿Sabes cuál es el #top10 de los lenguajes de #programación
Indio del Guaso,1,¿Sabes cuál es el #top10 de los lenguajes de #programación
Jaider Luis Arjona Oliva,2,¿Sabes cuál es el #top10 de los lenguajes de #programación
Javi Fernandez,1,¿Sabes cuál es el #top10 de los lenguajes de #programación
Juan Carlos Oramas Bastart,1,¿Sabes cuál es el #top10 de los lenguajes de #programación
Leonardo Jiménez,1,¿Sabes cuál es el #top10 de los lenguajes de #programación
Miguel Jorge Menendez Alonso,2,¿Sabes cuál es el #top10 de los lenguajes de #programación
Adis G Sánchez,1,¿Sabías que #FORTRAN fue el primer lenguaje de #programación real?
Claudia Fernández Miguel,1,¿Sabías que #FORTRAN fue el primer lenguaje de #programación real?
Damian Vidal,1,¿Sabías que #FORTRAN fue el primer lenguaje de #programación real?
Fer Coopat,1,¿Sabías que #FORTRAN fue el primer lenguaje de #programación real?
Laura Susej Milian,2,¿Sabías que #FORTRAN fue el primer lenguaje de #programación real?
Leandro Ramirez Cubilla,1,¿Sabías que #FORTRAN fue el primer lenguaje de #programación real?
Lilian Laudinot Quiñones,1,¿Sabías que #FORTRAN fue el primer lenguaje de #programación real?
Miguel Jorge Menendez Alonso,2,¿Sabías que #FORTRAN fue el primer lenguaje de #programación real?
Olga María Herrera Scull,1,¿Sabías que #FORTRAN fue el primer lenguaje de #programación real?
Roxana Naranjo Pérez,1,¿Sabías que #FORTRAN fue el primer lenguaje de #programación real?
Yannier Martínez Charles,1,¿Sabías que #FORTRAN fue el primer lenguaje de #programación real?
Adis Gonzalez Sanchez,1,¿Sabías que nuestro #GDSTurismo es el primer #sistema
Albert Gonzalez,1,¿Sabías que nuestro #GDSTurismo es el primer #sistema
Alejandro Terry Fernández,1,¿Sabías que nuestro #GDSTurismo es el primer #sistema
Alina Santana Echerri,1,¿Sabías que nuestro #GDSTurismo es el primer #sistema
Ana Laura Echevarria,1,¿Sabías que nuestro #GDSTurismo es el primer #sistema
Anaylet Rguez,1,¿Sabías que nuestro #GDSTurismo es el primer #sistema
Armando Felipe Fuentes Denis,1,¿Sabías que nuestro #GDSTurismo es el primer #sistema
Claudia Fernández Miguel,1,¿Sabías que nuestro #GDSTurismo es el primer #sistema
Darío Alejandro Escobar,1,¿Sabías que nuestro #GDSTurismo es el primer #sistema
Edda Diz Garcés,1,¿Sabías que nuestro #GDSTurismo es el primer #sistema
Fer Coopat,1,¿Sabías que nuestro #GDSTurismo es el primer #sistema
Inés Montero,1,¿Sabías que nuestro #GDSTurismo es el primer #sistema
Jaider Luis Arjona Oliva,2,¿Sabías que nuestro #GDSTurismo es el primer #sistema
Leandro Acosta,1,¿Sabías que nuestro #GDSTurismo es el primer #sistema
Lilian Laudinot Quiñones,1,¿Sabías que nuestro #GDSTurismo es el primer #sistema
Marinas Marlin,1,¿Sabías que nuestro #GDSTurismo es el primer #sistema
Michel Yi,1,¿Sabías que nuestro #GDSTurismo es el primer #sistema
Miguel Jorge Menendez Alonso,2,¿Sabías que nuestro #GDSTurismo es el primer #sistema
Néstor Martínez Díaz,1,¿Sabías que nuestro #GDSTurismo es el primer #sistema
Olga María Herrera Scull,1,¿Sabías que nuestro #GDSTurismo es el primer #sistema
Osvaldo Pupo Gutiérrez,1,¿Sabías que nuestro #GDSTurismo es el primer #sistema
Pymesbulevar,1,¿Sabías que nuestro #GDSTurismo es el primer #sistema
Alina Santana Echerri,1,¿Sabías que puedes #programar música ?? ?
Carlos Villanueva,1,¿Sabías que puedes #programar música ?? ?
Claudia Fernández Miguel,2,¿Sabías que puedes #programar música ?? ?
Damian Vidal,1,¿Sabías que puedes #programar música ?? ?
Darío Alejandro Escobar,1,¿Sabías que puedes #programar música ?? ?
Dayron Avello,1,¿Sabías que puedes #programar música ?? ?
Dennis Beltrán Romero,1,¿Sabías que puedes #programar música ?? ?
Dianely Espinosa González,2,¿Sabías que puedes #programar música ?? ?
Fer Coopat,1,¿Sabías que puedes #programar música ?? ?
Gladys Nuñez,1,¿Sabías que puedes #programar música ?? ?
Guajiritos SRL,1,¿Sabías que puedes #programar música ?? ?
Jaider Luis Arjona Oliva,2,¿Sabías que puedes #programar música ?? ?
Javi Fernandez,1,¿Sabías que puedes #programar música ?? ?
Juan Carlos Oramas Bastart,1,¿Sabías que puedes #programar música ?? ?
Judith Padron,1,¿Sabías que puedes #programar música ?? ?
Marinas Marlin,2,¿Sabías que puedes #programar música ?? ?
Miguel Jorge Menendez Alonso,2,¿Sabías que puedes #programar música ?? ?
Viazul CUBA,1,¿Sabías que puedes #programar música ?? ?
Yarina Amoroso,1,¿Sabías que puedes #programar música ?? ?
Ana Laura Echevarria,1,¿Sabías que se prevé que el desarrollo #multiplataforma aumente en 2023?
Anaili Egozcue,1,¿Sabías que se prevé que el desarrollo #multiplataforma aumente en 2023?
Anaylet Rguez,1,¿Sabías que se prevé que el desarrollo #multiplataforma aumente en 2023?
Armando Felipe Fuentes Denis,1,¿Sabías que se prevé que el desarrollo #multiplataforma aumente en 2023?
Carlos Villanueva,1,¿Sabías que se prevé que el desarrollo #multiplataforma aumente en 2023?
Claudia Fernández Miguel,2,¿Sabías que se prevé que el desarrollo #multiplataforma aumente en 2023?
Concurso se busca nombre,1,¿Sabías que se prevé que el desarrollo #multiplataforma aumente en 2023?
Damian Vidal,2,¿Sabías que se prevé que el desarrollo #multiplataforma aumente en 2023?
Daryl Cardenas Rodriguez,1,¿Sabías que se prevé que el desarrollo #multiplataforma aumente en 2023?
Dayron Avello,1,¿Sabías que se prevé que el desarrollo #multiplataforma aumente en 2023?
Fer Coopat,1,¿Sabías que se prevé que el desarrollo #multiplataforma aumente en 2023?
Guajiritos SRL,2,¿Sabías que se prevé que el desarrollo #multiplataforma aumente en 2023?
Indio del Guaso,1,¿Sabías que se prevé que el desarrollo #multiplataforma aumente en 2023?
Jaider Luis Arjona Oliva,2,¿Sabías que se prevé que el desarrollo #multiplataforma aumente en 2023?
Jessica Sequerella,2,¿Sabías que se prevé que el desarrollo #multiplataforma aumente en 2023?
Juan Carlos Oramas Bastart,1,¿Sabías que se prevé que el desarrollo #multiplataforma aumente en 2023?
Leandro Ramirez Cubilla,3,¿Sabías que se prevé que el desarrollo #multiplataforma aumente en 2023?
Miguel Jorge Menendez Alonso,2,¿Sabías que se prevé que el desarrollo #multiplataforma aumente en 2023?
Nosoy Dani Cabrera Lima,1,¿Sabías que se prevé que el desarrollo #multiplataforma aumente en 2023?
Osvaldo Pupo Gutiérrez,1,¿Sabías que se prevé que el desarrollo #multiplataforma aumente en 2023?
Reinaldo Toirac,1,¿Sabías que se prevé que el desarrollo #multiplataforma aumente en 2023?
Roxana Naranjo Pérez,1,¿Sabías que se prevé que el desarrollo #multiplataforma aumente en 2023?
Viazul CUBA,1,¿Sabías que se prevé que el desarrollo #multiplataforma aumente en 2023?
Adis G Sánchez,2,Desarrollamos una #plataforma a la altura de tu negocio
Amanda Lugo Marquez,1,Desarrollamos una #plataforma a la altura de tu negocio
Ana Laura Echevarria,2,Desarrollamos una #plataforma a la altura de tu negocio
Armando Felipe Fuentes Denis,1,Desarrollamos una #plataforma a la altura de tu negocio
Carlos Villanueva,1,Desarrollamos una #plataforma a la altura de tu negocio
Claudia Fernández Miguel,1,Desarrollamos una #plataforma a la altura de tu negocio
Damian Vidal,2,Desarrollamos una #plataforma a la altura de tu negocio
Daryl Cardenas Rodriguez,1,Desarrollamos una #plataforma a la altura de tu negocio
Dayron Avello,1,Desarrollamos una #plataforma a la altura de tu negocio
Fer Coopat,1,Desarrollamos una #plataforma a la altura de tu negocio
Guajiritos SRL,3,Desarrollamos una #plataforma a la altura de tu negocio
Indio del Guaso,1,Desarrollamos una #plataforma a la altura de tu negocio
Jesus Torres Betancourt,1,Desarrollamos una #plataforma a la altura de tu negocio
Jose Carlos Peña Cardenas,1,Desarrollamos una #plataforma a la altura de tu negocio
Juan Carlos Oramas Bastart,1,Desarrollamos una #plataforma a la altura de tu negocio
Karelia Brizuela Sánchez,1,Desarrollamos una #plataforma a la altura de tu negocio
Leandro Ramirez Cubilla,1,Desarrollamos una #plataforma a la altura de tu negocio
Leonardo Jiménez,1,Desarrollamos una #plataforma a la altura de tu negocio
Marinas Marlin,1,Desarrollamos una #plataforma a la altura de tu negocio
Marlan Castro Reyna,1,Desarrollamos una #plataforma a la altura de tu negocio
MCV Comercial S.A.,2,Desarrollamos una #plataforma a la altura de tu negocio
Miguel Jorge Menendez Alonso,2,Desarrollamos una #plataforma a la altura de tu negocio
Milkos Gual,1,Desarrollamos una #plataforma a la altura de tu negocio
Osvaldo Pupo Gutiérrez,1,Desarrollamos una #plataforma a la altura de tu negocio
Rêina Balbin Yesy,1,Desarrollamos una #plataforma a la altura de tu negocio
Viazul CUBA,1,Desarrollamos una #plataforma a la altura de tu negocio
Yanira Salazar Vigueras,1,Desarrollamos una #plataforma a la altura de tu negocio
Yanislei León,1,Desarrollamos una #plataforma a la altura de tu negocio
Adis G Sánchez,1,"Desde Guajiritos, celebramos el #DíaDeLaCienciaCubana"
Adis Gonzalez Sanchez,1,"Desde Guajiritos, celebramos el #DíaDeLaCienciaCubana"
Alina Santana Echerri,1,"Desde Guajiritos, celebramos el #DíaDeLaCienciaCubana"
Claudia Fernández Miguel,2,"Desde Guajiritos, celebramos el #DíaDeLaCienciaCubana"
Darío Alejandro Escobar,1,"Desde Guajiritos, celebramos el #DíaDeLaCienciaCubana"
Dayana Velázquez Silega,1,"Desde Guajiritos, celebramos el #DíaDeLaCienciaCubana"
Dayron Avello,2,"Desde Guajiritos, celebramos el #DíaDeLaCienciaCubana"
Dianely Espinosa González,1,"Desde Guajiritos, celebramos el #DíaDeLaCienciaCubana"
Edda Diz Garcés,1,"Desde Guajiritos, celebramos el #DíaDeLaCienciaCubana"
Evelyn Guilarte Arencibia,1,"Desde Guajiritos, celebramos el #DíaDeLaCienciaCubana"
Fer Coopat,1,"Desde Guajiritos, celebramos el #DíaDeLaCienciaCubana"
Gladys Nuñez,1,"Desde Guajiritos, celebramos el #DíaDeLaCienciaCubana"
Indio del Guaso,1,"Desde Guajiritos, celebramos el #DíaDeLaCienciaCubana"
Ines Barroso,1,"Desde Guajiritos, celebramos el #DíaDeLaCienciaCubana"
Javi Fernandez,1,"Desde Guajiritos, celebramos el #DíaDeLaCienciaCubana"
Lilian Laudinot Quiñones,1,"Desde Guajiritos, celebramos el #DíaDeLaCienciaCubana"
Marinas Marlin,2,"Desde Guajiritos, celebramos el #DíaDeLaCienciaCubana"
Miguel Angel Menendez Salcinez,1,"Desde Guajiritos, celebramos el #DíaDeLaCienciaCubana"
Miguel Jorge Menendez Alonso,2,"Desde Guajiritos, celebramos el #DíaDeLaCienciaCubana"
Niurdis Rodriguez,1,"Desde Guajiritos, celebramos el #DíaDeLaCienciaCubana"
Viazul CUBA,1,"Desde Guajiritos, celebramos el #DíaDeLaCienciaCubana"
Yanislei León,1,"Desde Guajiritos, celebramos el #DíaDeLaCienciaCubana"
Yannier Martínez Charles,1,"Desde Guajiritos, celebramos el #DíaDeLaCienciaCubana"
Yarina Amoroso,1,"Desde Guajiritos, celebramos el #DíaDeLaCienciaCubana"
Yule Massiá,1,"Desde Guajiritos, celebramos el #DíaDeLaCienciaCubana"
Adis G Sánchez,1,"Durante todo el año, nuestros #Clientes son nuestra #Prioridad"
Adis Gonzalez Sanchez,2,"Durante todo el año, nuestros #Clientes son nuestra #Prioridad"
Alina Santana Echerri,1,"Durante todo el año, nuestros #Clientes son nuestra #Prioridad"
Amanda Lugo Marquez,1,"Durante todo el año, nuestros #Clientes son nuestra #Prioridad"
Ana Laura Echevarria,1,"Durante todo el año, nuestros #Clientes son nuestra #Prioridad"
Anaili Egozcue,1,"Durante todo el año, nuestros #Clientes son nuestra #Prioridad"
Armando Felipe Fuentes Denis,1,"Durante todo el año, nuestros #Clientes son nuestra #Prioridad"
Carlos Villanueva,1,"Durante todo el año, nuestros #Clientes son nuestra #Prioridad"
Claudia Fernández Miguel,2,"Durante todo el año, nuestros #Clientes son nuestra #Prioridad"
Daryl Cardenas Rodriguez,1,"Durante todo el año, nuestros #Clientes son nuestra #Prioridad"
Dayron Avello,2,"Durante todo el año, nuestros #Clientes son nuestra #Prioridad"
Dianely Espinosa González,2,"Durante todo el año, nuestros #Clientes son nuestra #Prioridad"
Elbis Gonzalez,1,"Durante todo el año, nuestros #Clientes son nuestra #Prioridad"
Evelyn Guilarte Arencibia,1,"Durante todo el año, nuestros #Clientes son nuestra #Prioridad"
Fer Coopat,1,"Durante todo el año, nuestros #Clientes son nuestra #Prioridad"
Guajiritos SRL,2,"Durante todo el año, nuestros #Clientes son nuestra #Prioridad"
Hotel Rancho Luna,1,"Durante todo el año, nuestros #Clientes son nuestra #Prioridad"
Indio del Guaso,1,"Durante todo el año, nuestros #Clientes son nuestra #Prioridad"
Inés Montero,2,"Durante todo el año, nuestros #Clientes son nuestra #Prioridad"
Juan Carlos Oramas Bastart,1,"Durante todo el año, nuestros #Clientes son nuestra #Prioridad"
Kubatrip Urlaub,1,"Durante todo el año, nuestros #Clientes son nuestra #Prioridad"
Marinas Marlin,2,"Durante todo el año, nuestros #Clientes son nuestra #Prioridad"
Marlan Castro Reyna,1,"Durante todo el año, nuestros #Clientes son nuestra #Prioridad"
Miguel Angel Menendez Salcinez,1,"Durante todo el año, nuestros #Clientes son nuestra #Prioridad"
Miguel Jorge Menendez Alonso,2,"Durante todo el año, nuestros #Clientes son nuestra #Prioridad"
Osvaldo Pupo Gutiérrez,1,"Durante todo el año, nuestros #Clientes son nuestra #Prioridad"
Rêina Balbin Yesy,1,"Durante todo el año, nuestros #Clientes son nuestra #Prioridad"
Sonia Sanchez,1,"Durante todo el año, nuestros #Clientes son nuestra #Prioridad"
Wendy Pérez,1,"Durante todo el año, nuestros #Clientes son nuestra #Prioridad"
Yamilka De Los Reyes Prawl,1,"Durante todo el año, nuestros #Clientes son nuestra #Prioridad"
Yanislei León,1,"Durante todo el año, nuestros #Clientes son nuestra #Prioridad"
Alina Santana Echerri,1,Etiqueta a tu #amigo que le gustaría #programar ?? en un escritorio así.
Ana Laura Echevarria,2,Etiqueta a tu #amigo que le gustaría #programar ?? en un escritorio así.
Carlos Villanueva,1,Etiqueta a tu #amigo que le gustaría #programar ?? en un escritorio así.
Claudia Fernández Miguel,2,Etiqueta a tu #amigo que le gustaría #programar ?? en un escritorio así.
Damian Vidal,1,Etiqueta a tu #amigo que le gustaría #programar ?? en un escritorio así.
Dayron Avello,1,Etiqueta a tu #amigo que le gustaría #programar ?? en un escritorio así.
Dennis Beltrán Romero,2,Etiqueta a tu #amigo que le gustaría #programar ?? en un escritorio así.
Dianely Espinosa González,2,Etiqueta a tu #amigo que le gustaría #programar ?? en un escritorio así.
Fer Coopat,2,Etiqueta a tu #amigo que le gustaría #programar ?? en un escritorio así.
Guajiritos SRL,1,Etiqueta a tu #amigo que le gustaría #programar ?? en un escritorio así.
Javi Fernandez,1,Etiqueta a tu #amigo que le gustaría #programar ?? en un escritorio así.
Jessica Sequerella,2,Etiqueta a tu #amigo que le gustaría #programar ?? en un escritorio así.
Joussell P Gonz,1,Etiqueta a tu #amigo que le gustaría #programar ?? en un escritorio así.
Leandro Ramirez Cubilla,2,Etiqueta a tu #amigo que le gustaría #programar ?? en un escritorio así.
Leonardo Jiménez,1,Etiqueta a tu #amigo que le gustaría #programar ?? en un escritorio así.
Lianet Lianet,1,Etiqueta a tu #amigo que le gustaría #programar ?? en un escritorio así.
Lisi Martines,1,Etiqueta a tu #amigo que le gustaría #programar ?? en un escritorio así.
Miguel Jorge Menendez Alonso,2,Etiqueta a tu #amigo que le gustaría #programar ?? en un escritorio así.
Nosoy Dani Cabrera Lima,2,Etiqueta a tu #amigo que le gustaría #programar ?? en un escritorio así.
Osvaldo Pupo Gutiérrez,1,Etiqueta a tu #amigo que le gustaría #programar ?? en un escritorio así.
Roxana Naranjo Pérez,1,Etiqueta a tu #amigo que le gustaría #programar ?? en un escritorio así.
Yannier Martínez Charles,1,Etiqueta a tu #amigo que le gustaría #programar ?? en un escritorio así.
Yohany Enríquez Márquez,1,Etiqueta a tu #amigo que le gustaría #programar ?? en un escritorio así.
Yusniel Hidalgo Delgado,2,Etiqueta a tu #amigo que le gustaría #programar ?? en un escritorio así.
Adis Gonzalez Sanchez,1,Guajiritos presente junto al @minturcuba en #Fitur2023
Alejandro Jesús Pirez Prendes,1,Guajiritos presente junto al @minturcuba en #Fitur2023
Alexis Agüero León,1,Guajiritos presente junto al @minturcuba en #Fitur2023
Alina Santana Echerri,2,Guajiritos presente junto al @minturcuba en #Fitur2023
Anaili Egozcue,1,Guajiritos presente junto al @minturcuba en #Fitur2023
Anaylet Rguez,1,Guajiritos presente junto al @minturcuba en #Fitur2023
Andres Menendez Salcines,1,Guajiritos presente junto al @minturcuba en #Fitur2023
Angela Mireya León Mecías,1,Guajiritos presente junto al @minturcuba en #Fitur2023
Armando Felipe Fuentes Denis,1,Guajiritos presente junto al @minturcuba en #Fitur2023
Bernardo Falcon Tosar,1,Guajiritos presente junto al @minturcuba en #Fitur2023
Carlos E Lacoste,1,Guajiritos presente junto al @minturcuba en #Fitur2023
Claudia Fernández Miguel,2,Guajiritos presente junto al @minturcuba en #Fitur2023
Darío Alejandro Escobar,1,Guajiritos presente junto al @minturcuba en #Fitur2023
Dayron Avello,1,Guajiritos presente junto al @minturcuba en #Fitur2023
Dennis Beltrán Romero,1,Guajiritos presente junto al @minturcuba en #Fitur2023
Dianely Espinosa González,3,Guajiritos presente junto al @minturcuba en #Fitur2023
Diosy Díaz Martínez,1,Guajiritos presente junto al @minturcuba en #Fitur2023
Donde Dorian,1,Guajiritos presente junto al @minturcuba en #Fitur2023
Edda Diz Garcés,1,Guajiritos presente junto al @minturcuba en #Fitur2023
Felix Ernesto Alonso Mendoza,1,Guajiritos presente junto al @minturcuba en #Fitur2023
Fer Coopat,1,Guajiritos presente junto al @minturcuba en #Fitur2023
Francisco Terry Diaz Francisco,2,Guajiritos presente junto al @minturcuba en #Fitur2023
Gretter Rodriguez Herrera,1,Guajiritos presente junto al @minturcuba en #Fitur2023
Isa A M Peña,1,Guajiritos presente junto al @minturcuba en #Fitur2023
Ivette Martinez Rodriguez,1,Guajiritos presente junto al @minturcuba en #Fitur2023
Juan Carlos Oramas Bastart,1,Guajiritos presente junto al @minturcuba en #Fitur2023
Leandro Acosta,1,Guajiritos presente junto al @minturcuba en #Fitur2023
Leonardo Jiménez,1,Guajiritos presente junto al @minturcuba en #Fitur2023
Lilian Laudinot Quiñones,1,Guajiritos presente junto al @minturcuba en #Fitur2023
Magdalena Lipsys Pedroso Sardiñas,1,Guajiritos presente junto al @minturcuba en #Fitur2023
Marlan Castro Reyna,1,Guajiritos presente junto al @minturcuba en #Fitur2023
Michel Yi,1,Guajiritos presente junto al @minturcuba en #Fitur2023
Miguel Jorge Menendez Alonso,2,Guajiritos presente junto al @minturcuba en #Fitur2023
Niurka Reyes,2,Guajiritos presente junto al @minturcuba en #Fitur2023
Ofa Facilitación,1,Guajiritos presente junto al @minturcuba en #Fitur2023
Olga María Herrera Scull,1,Guajiritos presente junto al @minturcuba en #Fitur2023
Raul Delgado Rodríguez,1,Guajiritos presente junto al @minturcuba en #Fitur2023
Reinaldo Toirac,1,Guajiritos presente junto al @minturcuba en #Fitur2023
Viazul CUBA,1,Guajiritos presente junto al @minturcuba en #Fitur2023
William Borrego,1,Guajiritos presente junto al @minturcuba en #Fitur2023
Yaima Gómez,1,Guajiritos presente junto al @minturcuba en #Fitur2023
Yanislei León,2,Guajiritos presente junto al @minturcuba en #Fitur2023
Yarina Amoroso,1,Guajiritos presente junto al @minturcuba en #Fitur2023
Yilian Monica Santos,1,Guajiritos presente junto al @minturcuba en #Fitur2023
Yira Hernández Gómez,1,Guajiritos presente junto al @minturcuba en #Fitur2023
Yoana Diaz,1,Guajiritos presente junto al @minturcuba en #Fitur2023
Yudith Avello,1,Guajiritos presente junto al @minturcuba en #Fitur2023
Yule Massiá,1,Guajiritos presente junto al @minturcuba en #Fitur2023
Adis G Sánchez,2,"Hedy Lamarr, de sex symbol a #InventoraSuperdotada"
Adis Gonzalez Sanchez,2,"Hedy Lamarr, de sex symbol a #InventoraSuperdotada"
Adn Marifer,1,"Hedy Lamarr, de sex symbol a #InventoraSuperdotada"
Amanda Lugo Marquez,1,"Hedy Lamarr, de sex symbol a #InventoraSuperdotada"
Ana Laura Echevarria,2,"Hedy Lamarr, de sex symbol a #InventoraSuperdotada"
Anaylet Rguez,1,"Hedy Lamarr, de sex symbol a #InventoraSuperdotada"
Armando Felipe Fuentes Denis,1,"Hedy Lamarr, de sex symbol a #InventoraSuperdotada"
Bernardo Falcon Tosar,1,"Hedy Lamarr, de sex symbol a #InventoraSuperdotada"
Carlos Villanueva,1,"Hedy Lamarr, de sex symbol a #InventoraSuperdotada"
Claudia Fernández Miguel,3,"Hedy Lamarr, de sex symbol a #InventoraSuperdotada"
Damian Vidal,1,"Hedy Lamarr, de sex symbol a #InventoraSuperdotada"
Dayron Avello,2,"Hedy Lamarr, de sex symbol a #InventoraSuperdotada"
Dianely Espinosa González,1,"Hedy Lamarr, de sex symbol a #InventoraSuperdotada"
Edda Diz Garcés,1,"Hedy Lamarr, de sex symbol a #InventoraSuperdotada"
Eduardo Bermudez,2,"Hedy Lamarr, de sex symbol a #InventoraSuperdotada"
Elianys Ferriol Medero,1,"Hedy Lamarr, de sex symbol a #InventoraSuperdotada"
Fer Coopat,1,"Hedy Lamarr, de sex symbol a #InventoraSuperdotada"
Guajiritos SRL,2,"Hedy Lamarr, de sex symbol a #InventoraSuperdotada"
Indio del Guaso,1,"Hedy Lamarr, de sex symbol a #InventoraSuperdotada"
Leandro Ramirez Cubilla,3,"Hedy Lamarr, de sex symbol a #InventoraSuperdotada"
Lianet Lianet,1,"Hedy Lamarr, de sex symbol a #InventoraSuperdotada"
Lis Alina Pérez,1,"Hedy Lamarr, de sex symbol a #InventoraSuperdotada"
Marinas Marlin,3,"Hedy Lamarr, de sex symbol a #InventoraSuperdotada"
Marlan Castro Reyna,1,"Hedy Lamarr, de sex symbol a #InventoraSuperdotada"
Miguel Jorge Menendez Alonso,2,"Hedy Lamarr, de sex symbol a #InventoraSuperdotada"
Rêina Balbin Yesy,1,"Hedy Lamarr, de sex symbol a #InventoraSuperdotada"
Reinaldo Toirac,1,"Hedy Lamarr, de sex symbol a #InventoraSuperdotada"
Viazul CUBA,1,"Hedy Lamarr, de sex symbol a #InventoraSuperdotada"
Yaima Pacheco,1,"Hedy Lamarr, de sex symbol a #InventoraSuperdotada"
Yanira Salazar Vigueras,1,"Hedy Lamarr, de sex symbol a #InventoraSuperdotada"
Yanislei León,2,"Hedy Lamarr, de sex symbol a #InventoraSuperdotada"
Yira Hernández Gómez,1,"Hedy Lamarr, de sex symbol a #InventoraSuperdotada"
Yule Massiá,2,"Hedy Lamarr, de sex symbol a #InventoraSuperdotada"
Alejandro Terry Fernández,2,Servicio de #fotos y #audiovisuales
Alvaro Sarmiento Soto,1,Servicio de #fotos y #audiovisuales
Amanda Lugo Marquez,1,Servicio de #fotos y #audiovisuales
Anaili Egozcue,1,Servicio de #fotos y #audiovisuales
"Betania: Casa de Sanidad,...",1,Servicio de #fotos y #audiovisuales
Carlos Villanueva,1,Servicio de #fotos y #audiovisuales
Cecilia Meredith Jiménez,1,Servicio de #fotos y #audiovisuales
Claudia Fernández Miguel,2,Servicio de #fotos y #audiovisuales
Damian Vidal,2,Servicio de #fotos y #audiovisuales
Daryl Cardenas Rodriguez,1,Servicio de #fotos y #audiovisuales
Dayron Avello,1,Servicio de #fotos y #audiovisuales
Dayron Chang,1,Servicio de #fotos y #audiovisuales
Dianely Espinosa González,2,Servicio de #fotos y #audiovisuales
Fer Coopat,1,Servicio de #fotos y #audiovisuales
Francisco Terry Diaz Francisco,1,Servicio de #fotos y #audiovisuales
Gaviota - Grupo de Turismo,1,Servicio de #fotos y #audiovisuales
Gina De La Fé Toledo,1,Servicio de #fotos y #audiovisuales
Guajiritos SRL,2,Servicio de #fotos y #audiovisuales
Indio del Guaso,1,Servicio de #fotos y #audiovisuales
Isael Bandera,1,Servicio de #fotos y #audiovisuales
Isairis Posada,1,Servicio de #fotos y #audiovisuales
Jesus Torres Betancourt,2,Servicio de #fotos y #audiovisuales
Juan Carlos Oramas Bastart,1,Servicio de #fotos y #audiovisuales
Leandro Acosta,1,Servicio de #fotos y #audiovisuales
Liane Ernst,1,Servicio de #fotos y #audiovisuales
Lisi Martines,1,Servicio de #fotos y #audiovisuales
Magda Brito,1,Servicio de #fotos y #audiovisuales
Marlan Castro Reyna,1,Servicio de #fotos y #audiovisuales
Miguel Angel Menendez Salcinez,1,Servicio de #fotos y #audiovisuales
Miguel Jorge Menendez Alonso,2,Servicio de #fotos y #audiovisuales
Osvaldo Pupo Gutiérrez,1,Servicio de #fotos y #audiovisuales
Reinaldo Toirac,1,Servicio de #fotos y #audiovisuales
Taimi Sosa,1,Servicio de #fotos y #audiovisuales
Viazul CUBA,1,Servicio de #fotos y #audiovisuales
Yaima Pacheco,1,Servicio de #fotos y #audiovisuales
Yakelin Leyva Silva,1,Servicio de #fotos y #audiovisuales
Yanislei León,3,Servicio de #fotos y #audiovisuales
Yanoy Suarez,1,Servicio de #fotos y #audiovisuales
Yarmay Mendez,1,Servicio de #fotos y #audiovisuales
Yira Hernández Gómez,1,Servicio de #fotos y #audiovisuales
Yuri Montardi,1,Servicio de #fotos y #audiovisuales
Adis Gonzalez Sanchez,2,Tus #productos favoritos al alcance de un #clic
Adrian Yero,1,Tus #productos favoritos al alcance de un #clic
Alejandro Terry Fernández,1,Tus #productos favoritos al alcance de un #clic
Amanda Lugo Marquez,1,Tus #productos favoritos al alcance de un #clic
Ana Laura Echevarria,2,Tus #productos favoritos al alcance de un #clic
Armando Felipe Fuentes Denis,1,Tus #productos favoritos al alcance de un #clic
Carlos Villanueva,1,Tus #productos favoritos al alcance de un #clic
Christian Quintana,1,Tus #productos favoritos al alcance de un #clic
Claudia Fernández Miguel,2,Tus #productos favoritos al alcance de un #clic
Damian Vidal,2,Tus #productos favoritos al alcance de un #clic
Dayron Avello,1,Tus #productos favoritos al alcance de un #clic
Dennis Beltrán Romero,1,Tus #productos favoritos al alcance de un #clic
Dianely Espinosa González,2,Tus #productos favoritos al alcance de un #clic
Edel Rguez,1,Tus #productos favoritos al alcance de un #clic
Fer Coopat,1,Tus #productos favoritos al alcance de un #clic
Guajiritos SRL,3,Tus #productos favoritos al alcance de un #clic
Hostal de Guanabo,3,Tus #productos favoritos al alcance de un #clic
Indio del Guaso,1,Tus #productos favoritos al alcance de un #clic
Jose Carlos Peña Cardenas,1,Tus #productos favoritos al alcance de un #clic
Leandro Ramirez Cubilla,5,Tus #productos favoritos al alcance de un #clic
Lisi Martines,1,Tus #productos favoritos al alcance de un #clic
Marinas Marlin,1,Tus #productos favoritos al alcance de un #clic
MCV Comercial S.A.,1,Tus #productos favoritos al alcance de un #clic
Michel Yi,1,Tus #productos favoritos al alcance de un #clic
Miguel Jorge Menendez Alonso,2,Tus #productos favoritos al alcance de un #clic
Rêina Balbin Yesy,1,Tus #productos favoritos al alcance de un #clic
Sonia Sanchez,1,Tus #productos favoritos al alcance de un #clic
Viazul CUBA,1,Tus #productos favoritos al alcance de un #clic
William Borrego,1,Tus #productos favoritos al alcance de un #clic
Yanislei León,1,Tus #productos favoritos al alcance de un #clic
Yarima León,1,Tus #productos favoritos al alcance de un #clic
Yira Hernández Gómez,1,Tus #productos favoritos al alcance de un #clic
Yule Massiá,3,Tus #productos favoritos al alcance de un #clic
Adis Gonzalez Sanchez,1,"Un día como hoy, pero de 2007, #Apple presentó el #iPhone1"
Amanda Lugo Marquez,1,"Un día como hoy, pero de 2007, #Apple presentó el #iPhone1"
Ana Laura Echevarria,1,"Un día como hoy, pero de 2007, #Apple presentó el #iPhone1"
Anaylet Rguez,1,"Un día como hoy, pero de 2007, #Apple presentó el #iPhone1"
Carlos Villanueva,1,"Un día como hoy, pero de 2007, #Apple presentó el #iPhone1"
Christian Quintana,1,"Un día como hoy, pero de 2007, #Apple presentó el #iPhone1"
Claudia Fernández Miguel,3,"Un día como hoy, pero de 2007, #Apple presentó el #iPhone1"
Damian Vidal,1,"Un día como hoy, pero de 2007, #Apple presentó el #iPhone1"
Dayron Avello,2,"Un día como hoy, pero de 2007, #Apple presentó el #iPhone1"
Dianely Espinosa González,3,"Un día como hoy, pero de 2007, #Apple presentó el #iPhone1"
Elianys Ferriol Medero,1,"Un día como hoy, pero de 2007, #Apple presentó el #iPhone1"
Estrada & Asociados S.R.L,1,"Un día como hoy, pero de 2007, #Apple presentó el #iPhone1"
Felix Mario Azcuy Reinoso,1,"Un día como hoy, pero de 2007, #Apple presentó el #iPhone1"
Fer Coopat,1,"Un día como hoy, pero de 2007, #Apple presentó el #iPhone1"
Guajiritos SRL,2,"Un día como hoy, pero de 2007, #Apple presentó el #iPhone1"
Hostal de Guanabo,2,"Un día como hoy, pero de 2007, #Apple presentó el #iPhone1"
Indio del Guaso,1,"Un día como hoy, pero de 2007, #Apple presentó el #iPhone1"
Inés Montero,1,"Un día como hoy, pero de 2007, #Apple presentó el #iPhone1"
Jenny Ruiz Nunez,1,"Un día como hoy, pero de 2007, #Apple presentó el #iPhone1"
Jessica Sequerella,2,"Un día como hoy, pero de 2007, #Apple presentó el #iPhone1"
Jose Carlos Peña Cardenas,1,"Un día como hoy, pero de 2007, #Apple presentó el #iPhone1"
Judith Padron,1,"Un día como hoy, pero de 2007, #Apple presentó el #iPhone1"
Lisbet Diaz,1,"Un día como hoy, pero de 2007, #Apple presentó el #iPhone1"
Marinas Marlin,2,"Un día como hoy, pero de 2007, #Apple presentó el #iPhone1"
Miguel Jorge Menendez Alonso,2,"Un día como hoy, pero de 2007, #Apple presentó el #iPhone1"
Sandy Medina,1,"Un día como hoy, pero de 2007, #Apple presentó el #iPhone1"
Viazul CUBA,1,"Un día como hoy, pero de 2007, #Apple presentó el #iPhone1"
William Borrego,1,"Un día como hoy, pero de 2007, #Apple presentó el #iPhone1"
Yannier Martínez Charles,1,"Un día como hoy, pero de 2007, #Apple presentó el #iPhone1"
Yule Massiá,2,"Un día como hoy, pero de 2007, #Apple presentó el #iPhone1"
